No,PLACE,,SEX,D_LENGTH,COD,DATE,SPECIES,COUNT,MEASURED,F_LENGTH,F_WEIGHT,Weighting,
DD5,Riveira,,Unknown,148,Unknown,24/02/1991,Hake,2,2,116.713,12.505,0.5,1
DD5,Riveira,,Unknown,148,Unknown,24/02/1991,Hake,2,2,125.942,15.608,0.5,2
DD8,Baiona,,Male,190,Unknown,16/04/1992,Hake,9,9,158.605,30.555,0.5,3
DD8,Baiona,,Male,190,Unknown,16/04/1992,Hake,9,9,126.743,15.899,0.5,4
DD8,Baiona,,Male,190,Unknown,16/04/1992,Hake,9,9,123.853,14.866,0.5,5
DD8,Baiona,,Male,190,Unknown,16/04/1992,Hake,9,9,118.073,12.934,0.5,6
DD8,Baiona,,Male,190,Unknown,16/04/1992,Hake,9,9,120.963,13.878,0.5,7
DD8,Baiona,,Male,190,Unknown,16/04/1992,Hake,9,9,115.16,12.026,0.5,8
DD8,Baiona,,Male,190,Unknown,16/04/1992,Hake,9,9,125.942,15.608,0.5,9
DD8,Baiona,,Male,190,Unknown,16/04/1992,Hake,9,9,125.942,15.608,0.5,10
DD8,Baiona,,Male,190,Unknown,16/04/1992,Hake,9,9,135.248,19.211,0.5,11
DD12,porto do Son,,Male,185,Unknown,04/12/1992,Hake,6,6,343.3,289.719,0.5,12
DD12,porto do Son,,Male,185,Unknown,04/12/1992,Hake,6,6,305.085,205.436,0.5,13
DD12,porto do Son,,Male,185,Unknown,04/12/1992,Hake,6,6,297.92,191.695,0.5,14
DD12,porto do Son,,Male,185,Unknown,04/12/1992,Hake,6,6,300.308,196.206,0.5,15
DD12,porto do Son,,Male,185,Unknown,04/12/1992,Hake,6,6,343.3,289.719,0.5,16
DD12,porto do Son,,Male,185,Unknown,04/12/1992,Hake,6,6,310.912,217.076,0.5,17
DD14,Malpica,,Female,,Unknown,30/01/1993,Hake,2,2,115.16,12.026,0.5,18
DD19,Camarinas,,Male,156,Unknown,20/10/1991,Hake,37,29,138.327,20.513,0.6379310345,19
DD19,Camarinas,,Male,156,Unknown,20/10/1991,Hake,37,29,112.27,11.168,0.6379310345,20
DD19,Camarinas,,Male,156,Unknown,20/10/1991,Hake,37,29,129.633,16.979,0.6379310345,21
DD19,Camarinas,,Male,156,Unknown,20/10/1991,Hake,37,29,135.437,19.289,0.6379310345,22
DD19,Camarinas,,Male,156,Unknown,20/10/1991,Hake,37,29,70.49,2.878,0.6379310345,23
DD19,Camarinas,,Male,156,Unknown,20/10/1991,Hake,37,29,129.633,16.979,0.6379310345,24
DD19,Camarinas,,Male,156,Unknown,20/10/1991,Hake,37,29,129.633,16.979,0.6379310345,25
DD19,Camarinas,,Male,156,Unknown,20/10/1991,Hake,37,29,89.025,5.682,0.6379310345,26
DD19,Camarinas,,Male,156,Unknown,20/10/1991,Hake,37,29,98.254,7.573,0.6379310345,27
DD19,Camarinas,,Male,156,Unknown,20/10/1991,Hake,37,29,144.131,23.122,0.6379310345,28
DD19,Camarinas,,Male,156,Unknown,20/10/1991,Hake,37,29,144.131,23.122,0.6379310345,29
DD19,Camarinas,,Male,156,Unknown,20/10/1991,Hake,37,29,129.633,16.979,0.6379310345,30
DD19,Camarinas,,Male,156,Unknown,20/10/1991,Hake,37,29,42.802,0.673,0.6379310345,31
DD19,Camarinas,,Male,156,Unknown,20/10/1991,Hake,37,29,132.547,18.114,0.6379310345,32
DD19,Camarinas,,Male,156,Unknown,20/10/1991,Hake,37,29,52.031,1.189,0.6379310345,33
DD19,Camarinas,,Male,156,Unknown,20/10/1991,Hake,37,29,52.031,1.189,0.6379310345,34
DD19,Camarinas,,Male,156,Unknown,20/10/1991,Hake,37,29,115.16,12.026,0.6379310345,35
DD19,Camarinas,,Male,156,Unknown,20/10/1991,Hake,37,29,89.025,5.682,0.6379310345,36
DD19,Camarinas,,Male,156,Unknown,20/10/1991,Hake,37,29,118.073,12.934,0.6379310345,37
DD19,Camarinas,,Male,156,Unknown,20/10/1991,Hake,37,29,126.743,15.899,0.6379310345,38
DD19,Camarinas,,Male,156,Unknown,20/10/1991,Hake,37,29,138.327,20.513,0.6379310345,39
DD19,Camarinas,,Male,156,Unknown,20/10/1991,Hake,37,29,118.073,12.934,0.6379310345,40
DD19,Camarinas,,Male,156,Unknown,20/10/1991,Hake,37,29,79.719,4.119,0.6379310345,41
DD19,Camarinas,,Male,156,Unknown,20/10/1991,Hake,37,29,79.719,4.119,0.6379310345,42
DD19,Camarinas,,Male,156,Unknown,20/10/1991,Hake,37,29,42.802,0.673,0.6379310345,43
DD19,Camarinas,,Male,156,Unknown,20/10/1991,Hake,37,29,118.073,12.934,0.6379310345,45
DD19,Camarinas,,Male,156,Unknown,20/10/1991,Hake,37,29,115.16,12.026,0.6379310345,46
DD19,Camarinas,,Male,156,Unknown,20/10/1991,Hake,37,29,57.265,1.571,0.6379310345,47
DD19,Camarinas,,Male,156,Unknown,20/10/1991,Hake,37,29,74.628,3.399,0.6379310345,48
DD26,Riveira,,Female,192,Unknown,10/01/1993,Hake,7,7,164.385,33.913,0.5,49
DD26,Riveira,,Female,192,Unknown,10/01/1993,Hake,7,7,161.495,32.205,0.5,50
DD26,Riveira,,Female,192,Unknown,10/01/1993,Hake,7,7,144.131,23.122,0.5,51
DD26,Riveira,,Female,192,Unknown,10/01/1993,Hake,7,7,161.495,32.205,0.5,52
DD26,Riveira,,Female,192,Unknown,10/01/1993,Hake,7,7,158.605,30.555,0.5,53
DD26,Riveira,,Female,192,Unknown,10/01/1993,Hake,7,7,98.254,7.573,0.5,54
DD26,Riveira,,Female,192,Unknown,10/01/1993,Hake,7,7,52.031,1.189,0.5,55
DD112,Susinos,,Female,215,Unknown,10/04/1993,Hake,1,1,258.679,127.038,0.5,56
DD114,Teis,,Male,190,Unknown,18/05/1993,Hake,2,2,313.277,221.921,0.5,57
DD114,Teis,,Male,190,Unknown,18/05/1993,Hake,2,2,320.108,236.313,0.5,58
DD124,Canelinas,,Male,197,Bycatch,06/03/1994,Hake,3,3,94.906,6.846,0.5,59
DD124,Canelinas,,Male,197,Bycatch,06/03/1994,Hake,3,3,50.048,1.061,0.5,60
DD124,Canelinas,,Male,197,Bycatch,06/03/1994,Hake,3,3,57.675,1.604,0.5,61
DD128,Barona,,Male,,Bycatch,17/04/1994,Hake,2,2,118.79,13.164,0.5,62
DD128,Barona,,Male,,Bycatch,17/04/1994,Hake,2,2,118.79,13.164,0.5,63
DD138,O Grobe,,Unknown,,Bycatch,23/10/1994,Hake,6,6,185.665,48.347,0.5,64
DD138,O Grobe,,Unknown,,Bycatch,23/10/1994,Hake,6,6,214.326,73.448,0.5,65
DD138,O Grobe,,Unknown,,Bycatch,23/10/1994,Hake,6,6,223.88,83.398,0.5,66
DD138,O Grobe,,Unknown,,Bycatch,23/10/1994,Hake,6,6,221.491,80.832,0.5,67
DD138,O Grobe,,Unknown,,Bycatch,23/10/1994,Hake,6,6,173.723,39.835,0.5,68
DD138,O Grobe,,Unknown,,Bycatch,23/10/1994,Hake,6,6,206.414,65.825,0.5,69
DD139,Montalvo,,Male,230,Unknown,06/11/1994,Hake,2,2,214.326,73.448,0.5,70
DD139,Montalvo,,Male,230,Unknown,06/11/1994,Hake,2,2,216.714,75.857,0.5,71
DD14,Malpica,,Female,,Unknown,30/01/1993,Hake,2,2,115.16,12.026,0.5,72
DD305,Sanxenxo,,Male,183,Bycatch,05/04/1995,Hake,8,8,234.269,95.178,0.5,73
DD305,Sanxenxo,,Male,183,Bycatch,05/04/1995,Hake,8,8,230.304,90.561,0.5,74
DD305,Sanxenxo,,Male,183,Bycatch,05/04/1995,Hake,8,8,230.304,90.561,0.5,75
DD305,Sanxenxo,,Male,183,Bycatch,05/04/1995,Hake,8,8,194.455,55.321,0.5,76
DD305,Sanxenxo,,Male,183,Bycatch,05/04/1995,Hake,8,8,226.316,86.069,0.5,77
DD305,Sanxenxo,,Male,183,Bycatch,05/04/1995,Hake,8,8,230.304,90.561,0.5,78
DD305,Sanxenxo,,Male,183,Bycatch,05/04/1995,Hake,8,8,210.385,69.583,0.5,79
DD305,Sanxenxo,,Male,183,Bycatch,05/04/1995,Hake,8,8,234.269,95.178,0.5,80
DD307,"P, Estorde",,Male,146,Unknown,23/04/1995,Hake,8,8,274.084,150.354,0.5,81
DD307,"P, Estorde",,Male,146,Unknown,23/04/1995,Hake,8,8,262.142,132.055,0.5,82
DD307,"P, Estorde",,Male,146,Unknown,23/04/1995,Hake,8,8,274.084,150.354,0.5,83
DD307,"P, Estorde",,Male,146,Unknown,23/04/1995,Hake,8,8,287.876,173.47,0.5,84
DD307,"P, Estorde",,Male,146,Unknown,23/04/1995,Hake,8,8,249.738,114.665,0.5,85
DD307,"P, Estorde",,Male,146,Unknown,23/04/1995,Hake,8,8,300.538,196.644,0.5,86
DD307,"P, Estorde",,Male,146,Unknown,23/04/1995,Hake,8,8,237,98.447,0.5,87
DD307,"P, Estorde",,Male,146,Unknown,23/04/1995,Hake,8,8,300.538,196.644,0.5,88
DD310,"Corrubedo, Riveira",,Male,214,Unknown,21/01/1995,Hake,33,33,190.49,52.099,0.5,89
DD310,"Corrubedo, Riveira",,Male,214,Unknown,21/01/1995,Hake,33,33,194.455,55.321,0.5,90
DD310,"Corrubedo, Riveira",,Male,214,Unknown,21/01/1995,Hake,33,33,158.629,30.568,0.5,91
DD310,"Corrubedo, Riveira",,Male,214,Unknown,21/01/1995,Hake,33,33,158.629,30.568,0.5,92
DD310,"Corrubedo, Riveira",,Male,214,Unknown,21/01/1995,Hake,33,33,178.548,43.144,0.5,93
DD310,"Corrubedo, Riveira",,Male,214,Unknown,21/01/1995,Hake,33,33,230.304,90.561,0.5,94
DD310,"Corrubedo, Riveira",,Male,214,Unknown,21/01/1995,Hake,33,33,158.629,30.568,0.5,95
DD310,"Corrubedo, Riveira",,Male,214,Unknown,21/01/1995,Hake,33,33,234.269,95.178,0.5,96
DD310,"Corrubedo, Riveira",,Male,214,Unknown,21/01/1995,Hake,33,33,198.443,58.691,0.5,97
DD310,"Corrubedo, Riveira",,Male,214,Unknown,21/01/1995,Hake,33,33,146.687,24.336,0.5,98
DD310,"Corrubedo, Riveira",,Male,214,Unknown,21/01/1995,Hake,33,33,166.582,35.25,0.5,99
DD310,"Corrubedo, Riveira",,Male,214,Unknown,21/01/1995,Hake,33,33,146.687,24.336,0.5,100
DD310,"Corrubedo, Riveira",,Male,214,Unknown,21/01/1995,Hake,33,33,166.582,35.25,0.5,101
DD310,"Corrubedo, Riveira",,Male,214,Unknown,21/01/1995,Hake,33,33,174.559,40.396,0.5,102
DD310,"Corrubedo, Riveira",,Male,214,Unknown,21/01/1995,Hake,33,33,154.64,28.383,0.5,103
DD310,"Corrubedo, Riveira",,Male,214,Unknown,21/01/1995,Hake,33,33,166.582,35.25,0.5,104
DD310,"Corrubedo, Riveira",,Male,214,Unknown,21/01/1995,Hake,33,33,178.548,43.144,0.5,105
DD310,"Corrubedo, Riveira",,Male,214,Unknown,21/01/1995,Hake,33,33,218.362,77.55,0.5,106
DD310,"Corrubedo, Riveira",,Male,214,Unknown,21/01/1995,Hake,33,33,214.374,73.496,0.5,107
DD310,"Corrubedo, Riveira",,Male,214,Unknown,21/01/1995,Hake,33,33,162.617,32.861,0.5,108
DD310,"Corrubedo, Riveira",,Male,214,Unknown,21/01/1995,Hake,33,33,174.559,40.396,0.5,109
DD310,"Corrubedo, Riveira",,Male,214,Unknown,21/01/1995,Hake,33,33,206.397,65.81,0.5,110
DD310,"Corrubedo, Riveira",,Male,214,Unknown,21/01/1995,Hake,33,33,166.582,35.25,0.5,111
DD310,"Corrubedo, Riveira",,Male,214,Unknown,21/01/1995,Hake,33,33,170.571,37.766,0.5,112
DD310,"Corrubedo, Riveira",,Male,214,Unknown,21/01/1995,Hake,33,33,198.443,58.691,0.5,113
DD310,"Corrubedo, Riveira",,Male,214,Unknown,21/01/1995,Hake,33,33,182.513,45.995,0.5,114
DD310,"Corrubedo, Riveira",,Male,214,Unknown,21/01/1995,Hake,33,33,194.455,55.321,0.5,115
DD310,"Corrubedo, Riveira",,Male,214,Unknown,21/01/1995,Hake,33,33,190.49,52.099,0.5,116
DD310,"Corrubedo, Riveira",,Male,214,Unknown,21/01/1995,Hake,33,33,162.617,32.861,0.5,117
DD310,"Corrubedo, Riveira",,Male,214,Unknown,21/01/1995,Hake,33,33,194.455,55.321,0.5,118
DD310,"Corrubedo, Riveira",,Male,214,Unknown,21/01/1995,Hake,33,33,186.501,48.984,0.5,119
DD310,"Corrubedo, Riveira",,Male,214,Unknown,21/01/1995,Hake,33,33,237,98.447,0.5,120
DD310,"Corrubedo, Riveira",,Male,214,Unknown,21/01/1995,Hake,33,33,147.986,24.97,0.5,121
DD312,"Trece, Camarinas",,Male,188,Unknown,15/04/1995,Hake,7,7,238.258,99.977,0.5,122
DD312,"Trece, Camarinas",,Male,188,Unknown,15/04/1995,Hake,7,7,210.385,69.583,0.5,123
DD312,"Trece, Camarinas",,Male,188,Unknown,15/04/1995,Hake,7,7,210.385,69.583,0.5,124
DD312,"Trece, Camarinas",,Male,188,Unknown,15/04/1995,Hake,7,7,222.327,81.724,0.5,125
DD312,"Trece, Camarinas",,Male,188,Unknown,15/04/1995,Hake,7,7,234.269,95.178,0.5,126
DD312,"Trece, Camarinas",,Male,188,Unknown,15/04/1995,Hake,7,7,226.316,86.069,0.5,127
DD312,"Trece, Camarinas",,Male,188,Unknown,15/04/1995,Hake,7,7,222.327,81.724,0.5,128
DD315,"Talon, Fisterra",,Female,184,Unknown,01/03/1995,Hake,2,2,207.024,66.394,0.5,129
DD315,"Talon, Fisterra",,Female,184,Unknown,01/03/1995,Hake,2,2,213.278,72.407,0.5,130
DD317,"Boca do Rio, Carnota",,Male,,Unknown,21/01/1995,Hake,2,2,250.2,115.284,0.5,131
DD317,"Boca do Rio, Carnota",,Male,,Unknown,21/01/1995,Hake,2,2,254.188,120.719,0.5,132
DD319,"Barizo, Malpica",,Male,,Bycatch,12/03/1995,Hake,4,4,166.582,35.25,0.5,133
DD319,"Barizo, Malpica",,Male,,Bycatch,12/03/1995,Hake,4,4,138.733,20.688,0.5,134
DD319,"Barizo, Malpica",,Male,,Bycatch,12/03/1995,Hake,4,4,166.582,35.25,0.5,135
DD319,"Barizo, Malpica",,Male,,Bycatch,12/03/1995,Hake,4,4,109.848,10.481,0.5,136
DD320,"Serans, Porto do Son",,Female,163,Bycatch,20/05/1995,Hake,2,2,294.003,184.445,0.5,137
DD320,"Serans, Porto do Son",,Female,163,Bycatch,20/05/1995,Hake,2,2,297.992,191.83,0.5,138
DD321,"O Son, Porto do Son",,Male,178,Unknown,11/02/1995,Hake,2,2,270.119,144.105,0.5,139
DD321,"O Son, Porto do Son",,Male,178,Unknown,11/02/1995,Hake,2,2,270.119,144.105,0.5,140
DD324,"Torinan, Muxia",,Male,,Bycatch,21/05/1995,Hake,2,2,282.061,163.459,0.5,141
DD324,"Torinan, Muxia",,Male,,Bycatch,21/05/1995,Hake,2,2,282.061,163.459,0.5,142
DD501,"P, Silgar/Sanxenxo",,Female,,,28/02/1996,Hake,3,3,445.165,617.591,0.5,143
DD501,"P, Silgar/Sanxenxo",,Female,,,28/02/1996,Hake,3,3,246.139,109.918,0.5,144
DD501,"P, Silgar/Sanxenxo",,Female,,,28/02/1996,Hake,3,3,338.6,278.315,0.5,145
DD503,"P, Padroneses, O Grove",,Female,198,,25/02/1996,Hake,2,2,228.489,88.498,0.5,146
DD503,"P, Padroneses, O Grove",,Female,198,,25/02/1996,Hake,2,2,119.769,13.483,0.5,147
DD504,,,Unknown,,Unknown,05/02/1996,Hake,1,1,236.275,97.572,0.5,148
DD508,"P,Mendui~na/Aldan/Cangas",,Male,240,,02/05/1995,Hake,2,2,185.785,48.438,0.5,149
DD508,"P,Mendui~na/Aldan/Cangas",,Male,240,,02/05/1995,Hake,2,2,205.202,64.706,0.5,150
DD519,"P, Nemi~na, Cee",,Male,222,,05/04/1996,Hake,14,14,259.562,128.305,0.5,151
DD519,"P, Nemi~na, Cee",,Male,222,,05/04/1996,Hake,14,14,259.562,128.305,0.5,152
DD519,"P, Nemi~na, Cee",,Male,222,,05/04/1996,Hake,14,14,282.873,164.833,0.5,153
DD519,"P, Nemi~na, Cee",,Male,222,,05/04/1996,Hake,14,14,294.528,185.406,0.5,154
DD519,"P, Nemi~na, Cee",,Male,222,,05/04/1996,Hake,14,14,278.98,158.312,0.5,155
DD519,"P, Nemi~na, Cee",,Male,222,,05/04/1996,Hake,14,14,259.562,128.305,0.5,156
DD519,"P, Nemi~na, Cee",,Male,222,,05/04/1996,Hake,14,14,298.398,192.593,0.5,157
DD519,"P, Nemi~na, Cee",,Male,222,,05/04/1996,Hake,14,14,350.823,308.603,0.5,158
DD519,"P, Nemi~na, Cee",,Male,222,,05/04/1996,Hake,14,14,298.398,192.593,0.5,159
DD519,"P, Nemi~na, Cee",,Male,222,,05/04/1996,Hake,14,14,255.693,122.813,0.5,160
DD519,"P, Nemi~na, Cee",,Male,222,,05/04/1996,Hake,14,14,212.965,72.098,0.5,161
DD519,"P, Nemi~na, Cee",,Male,222,,05/04/1996,Hake,14,14,378.34,384.53,0.5,162
DD519,"P, Nemi~na, Cee",,Male,222,,05/04/1996,Hake,14,14,291.461,179.838,0.5,163
DD519,"P, Nemi~na, Cee",,Male,222,,05/04/1996,Hake,14,14,279.105,158.519,0.5,164
DD522,"Corna,Palmeira/Pboa Caram",i~nal,Female,183,,10/07/1995,Hake,2,2,75.106,3.463,0.5,165
DD522,"Corna,Palmeira/Pboa Caram",i~nal,Female,183,,10/07/1995,Hake,2,2,77.041,3.729,0.5,166
DD525,Lari~no/Carnota,,Unknown,207,,08/12/1996,Hake,7,7,143.056,22.623,0.5,167
DD525,Lari~no/Carnota,,Unknown,207,,08/12/1996,Hake,7,7,181.892,45.54,0.5,168
DD525,Lari~no/Carnota,,Unknown,207,,08/12/1996,Hake,7,7,189.654,51.435,0.5,169
DD525,Lari~no/Carnota,,Unknown,207,,08/12/1996,Hake,7,7,170.236,37.55,0.5,170
DD525,Lari~no/Carnota,,Unknown,207,,08/12/1996,Hake,7,7,143.056,22.623,0.5,171
DD525,Lari~no/Carnota,,Unknown,207,,08/12/1996,Hake,7,7,158.605,30.555,0.5,172
DD525,Lari~no/Carnota,,Unknown,207,,08/12/1996,Hake,7,7,139.187,20.886,0.5,173
DD533,Concheira (Bayona),,Female,220,,14/05/1997,Hake,3,3,341.126,284.407,0.5,174
DD533,Concheira (Bayona),,Female,220,,14/05/1997,Hake,3,3,341.126,284.407,0.5,175
DD533,Concheira (Bayona),,Female,220,,14/05/1997,Hake,3,3,204.659,64.208,0.5,176
DD534,"P,Coroso/Riveira",,Female,181,Bycatch,31/05/1996,Hake,1,1,181.892,45.54,0.5,177
DD558,Xu~no,,Male,192,Bycatch,17/02/1997,Hake,2,1,244.038,107.207,1,178
DD560,"P,Vilari~no/Hio/Cangas",,Male,227,,11/05/1996,Hake,2,2,333.722,266.796,0.5,179
DD560,"P,Vilari~no/Hio/Cangas",,Male,227,,11/05/1996,Hake,2,2,317.791,231.365,0.5,180
DD561,"P,O Pindo/Carnota",,Female,184,,09/01/1996,Hake,26,23,192.303,53.556,0.5652173913,181
DD561,"P,O Pindo/Carnota",,Female,184,,09/01/1996,Hake,26,23,192.303,53.556,0.5652173913,182
DD561,"P,O Pindo/Carnota",,Female,184,,09/01/1996,Hake,26,23,142.647,22.435,0.5652173913,183
DD561,"P,O Pindo/Carnota",,Female,184,,09/01/1996,Hake,26,23,130.29,17.23,0.5652173913,184
DD561,"P,O Pindo/Carnota",,Female,184,,09/01/1996,Hake,26,23,204.659,64.208,0.5652173913,185
DD561,"P,O Pindo/Carnota",,Female,184,,09/01/1996,Hake,26,23,167.437,35.78,0.5652173913,186
DD561,"P,O Pindo/Carnota",,Female,184,,09/01/1996,Hake,26,23,130.29,17.23,0.5652173913,187
DD561,"P,O Pindo/Carnota",,Female,184,,09/01/1996,Hake,26,23,117.857,12.865,0.5652173913,188
DD561,"P,O Pindo/Carnota",,Female,184,,09/01/1996,Hake,26,23,155.08,28.619,0.5652173913,189
DD561,"P,O Pindo/Carnota",,Female,184,,09/01/1996,Hake,26,23,49.666,1.038,0.5652173913,190
DD561,"P,O Pindo/Carnota",,Female,184,,09/01/1996,Hake,26,23,37.233,0.448,0.5652173913,191
DD561,"P,O Pindo/Carnota",,Female,184,,09/01/1996,Hake,26,23,68.278,2.623,0.5652173913,192
DD561,"P,O Pindo/Carnota",,Female,184,,09/01/1996,Hake,26,23,55.845,1.461,0.5652173913,193
DD561,"P,O Pindo/Carnota",,Female,184,,09/01/1996,Hake,26,23,68.278,2.623,0.5652173913,194
DD561,"P,O Pindo/Carnota",,Female,184,,09/01/1996,Hake,26,23,49.666,1.038,0.5652173913,195
DD561,"P,O Pindo/Carnota",,Female,184,,09/01/1996,Hake,26,23,31.055,0.264,0.5652173913,196
DD561,"P,O Pindo/Carnota",,Female,184,,09/01/1996,Hake,26,23,146.949,24.463,0.5652173913,197
DD561,"P,O Pindo/Carnota",,Female,184,,09/01/1996,Hake,26,23,123.638,14.791,0.5652173913,198
DD561,"P,O Pindo/Carnota",,Female,184,,09/01/1996,Hake,26,23,158.605,30.555,0.5652173913,199
DD561,"P,O Pindo/Carnota",,Female,184,,09/01/1996,Hake,26,23,104.221,8.992,0.5652173913,200
DD561,"P,O Pindo/Carnota",,Female,184,,09/01/1996,Hake,26,23,80.934,4.305,0.5652173913,201
DD561,"P,O Pindo/Carnota",,Female,184,,09/01/1996,Hake,26,23,100.352,8.054,0.5652173913,202
DD561,"P,O Pindo/Carnota",,Female,184,,09/01/1996,Hake,26,23,96.458,7.177,0.5652173913,203
DD564,"P,St, Marta/Cangas",,Female,,Bycatch,30/03/1996,Hake,2,2,142.647,22.435,0.5,204
DD564,"P,St, Marta/Cangas",,Female,,Bycatch,30/03/1996,Hake,2,2,105.424,9.298,0.5,205
DD577,Queiruga/Porto do Son,,Male,,,05/04/1998,Hake,2,2,117.857,12.865,0.5,206
DD577,Queiruga/Porto do Son,,Male,,,05/04/1998,Hake,2,2,93.067,6.466,0.5,207
DD582,Telleia,,Female,,,07/05/1998,Hake,7,7,161.258,32.068,0.5,208
DD582,Telleia,,Female,,,07/05/1998,Hake,7,7,167.437,35.78,0.5,209
DD582,Telleia,,Female,,,07/05/1998,Hake,7,7,142.647,22.435,0.5,210
DD582,Telleia,,Female,,,07/05/1998,Hake,7,7,155.08,28.619,0.5,211
DD582,Telleia,,Female,,,07/05/1998,Hake,7,7,155.08,28.619,0.5,212
DD582,Telleia,,Female,,,07/05/1998,Hake,7,7,105.424,9.298,0.5,213
DD582,Telleia,,Female,,,07/05/1998,Hake,7,7,117.857,12.865,0.5,214
DD607,"P, Bateira, O Grove",,Male,190,,04/04/1998,Hake,4,4,205.202,64.706,0.5,215
DD607,"P, Bateira, O Grove",,Male,190,,04/04/1998,Hake,4,4,205.202,64.706,0.5,216
DD607,"P, Bateira, O Grove",,Male,190,,04/04/1998,Hake,4,4,162.474,32.777,0.5,217
DD607,"P, Bateira, O Grove",,Male,190,,04/04/1998,Hake,4,4,162.474,32.777,0.5,218
DD609,"Torre de Hercules, A Coru",~na,Female,185,,24/02/1998,Hake,3,3,205.202,64.706,0.5,219
DD609,"Torre de Hercules, A Coru",~na,Female,185,,24/02/1998,Hake,3,3,179.87,44.081,0.5,220
DD609,"Torre de Hercules, A Coru",~na,Female,185,,24/02/1998,Hake,3,3,179.87,44.081,0.5,221
DD610,"P, Queiruga, P, do Son",,Female,,,20/05/1998,Hake,17,11,246.139,109.918,0.7727272727,222
DD610,"P, Queiruga, P, do Son",,Female,,,20/05/1998,Hake,17,11,238.186,99.889,0.7727272727,223
DD610,"P, Queiruga, P, do Son",,Female,,,20/05/1998,Hake,17,11,238.186,99.889,0.7727272727,224
DD610,"P, Queiruga, P, do Son",,Female,,,20/05/1998,Hake,17,11,238.186,99.889,0.7727272727,225
DD610,"P, Queiruga, P, do Son",,Female,,,20/05/1998,Hake,17,11,206.349,65.765,0.7727272727,226
DD610,"P, Queiruga, P, do Son",,Female,,,20/05/1998,Hake,17,11,214.302,73.424,0.7727272727,227
DD610,"P, Queiruga, P, do Son",,Female,,,20/05/1998,Hake,17,11,246.139,109.918,0.7727272727,228
DD610,"P, Queiruga, P, do Son",,Female,,,20/05/1998,Hake,17,11,206.349,65.765,0.7727272727,229
DD610,"P, Queiruga, P, do Son",,Female,,,20/05/1998,Hake,17,11,142.65,22.436,0.7727272727,230
DD610,"P, Queiruga, P, do Son",,Female,,,20/05/1998,Hake,17,11,142.65,22.436,0.7727272727,231
DD610,"P, Queiruga, P, do Son",,Female,,,20/05/1998,Hake,17,11,206.349,65.765,0.7727272727,232
DD628,"P, San Pedro, A Coru~na",,Male,200,,13/09/1998,Hake,2,2,317.791,231.365,0.5,233
DD628,"P, San Pedro, A Coru~na",,Male,200,,13/09/1998,Hake,2,2,317.791,231.365,0.5,234
DD629,Corrubedo,,Unknown,,Unknown,13/02/1998,Hake,2,2,170.236,37.55,0.5,235
DD629,Corrubedo,,Unknown,,Unknown,13/02/1998,Hake,2,2,170.236,37.55,0.5,236
DD630,"P, Melide, Cabo Home, Can",gas,Female,,Bycatch,08/03/1998,Hake,2,2,142.65,22.436,0.5,237
DD630,"P, Melide, Cabo Home, Can",gas,Female,,Bycatch,08/03/1998,Hake,2,2,142.65,22.436,0.5,238
DD634,"P, Bascuas, Sanxenxo",,Male,211,Bycatch,08/04/1998,Hake,2,2,437.211,585.993,0.5,239
DD634,"P, Bascuas, Sanxenxo",,Male,211,Bycatch,08/04/1998,Hake,2,2,453.118,650.283,0.5,240
DD636,"P, Ladeira, Baiona",,Male,184,Shark,15/03/1998,Hake,9,7,198.395,58.65,0.6428571429,241
DD636,"P, Ladeira, Baiona",,Male,184,Shark,15/03/1998,Hake,9,7,182.465,45.959,0.6428571429,242
DD636,"P, Ladeira, Baiona",,Male,184,Shark,15/03/1998,Hake,9,7,190.418,52.041,0.6428571429,243
DD636,"P, Ladeira, Baiona",,Male,184,Shark,15/03/1998,Hake,9,7,174.511,40.363,0.6428571429,244
DD636,"P, Ladeira, Baiona",,Male,184,Shark,15/03/1998,Hake,9,7,198.395,58.65,0.6428571429,245
DD636,"P, Ladeira, Baiona",,Male,184,Shark,15/03/1998,Hake,9,7,174.511,40.363,0.6428571429,246
DD636,"P, Ladeira, Baiona",,Male,184,Shark,15/03/1998,Hake,9,7,190.418,52.041,0.6428571429,247
DD639,"P, Mar de Fora, Fisterra",,Male,222,,08/05/1998,Hake,4,2,197.44,57.831,1,248
DD639,"P, Mar de Fora, Fisterra",,Male,222,,08/05/1998,Hake,4,2,185.785,48.438,1,249
DD642,"P, Mar do Rostro, Cee",,Male,,Bycatch,21/04/1998,Hake,5,2,143.056,22.623,1.25,250
DD642,"P, Mar do Rostro, Cee",,Male,,Bycatch,21/04/1998,Hake,5,2,150.818,26.387,1.25,251
DD644,"Mougas, Oia",,Male,193,,24/07/1998,Hake,15,13,212.965,72.098,0.5769230769,252
DD644,"Mougas, Oia",,Male,193,,24/07/1998,Hake,15,13,150.818,26.387,0.5769230769,253
DD644,"Mougas, Oia",,Male,193,,24/07/1998,Hake,15,13,192.303,53.556,0.5769230769,254
DD644,"Mougas, Oia",,Male,193,,24/07/1998,Hake,15,13,204.659,64.208,0.5769230769,255
DD644,"Mougas, Oia",,Male,193,,24/07/1998,Hake,15,13,217.092,76.243,0.5769230769,256
DD644,"Mougas, Oia",,Male,193,,24/07/1998,Hake,15,13,192.303,53.556,0.5769230769,257
DD644,"Mougas, Oia",,Male,193,,24/07/1998,Hake,15,13,142.647,22.435,0.5769230769,258
DD644,"Mougas, Oia",,Male,193,,24/07/1998,Hake,15,13,117.857,12.865,0.5769230769,259
DD644,"Mougas, Oia",,Male,193,,24/07/1998,Hake,15,13,167.437,35.78,0.5769230769,260
DD644,"Mougas, Oia",,Male,193,,24/07/1998,Hake,15,13,130.29,17.23,0.5769230769,261
DD644,"Mougas, Oia",,Male,193,,24/07/1998,Hake,15,13,142.647,22.435,0.5769230769,262
DD644,"Mougas, Oia",,Male,193,,24/07/1998,Hake,15,13,204.659,64.208,0.5769230769,263
DD644,"Mougas, Oia",,Male,193,,24/07/1998,Hake,15,13,142.647,22.435,0.5769230769,264
DD646,"P, Montalvo, Sanxenxo",,Female,,,22/02/1998,Hake,2,2,115.876,12.245,0.5,265
DD646,"P, Montalvo, Sanxenxo",,Female,,,22/02/1998,Hake,2,2,111.983,11.085,0.5,266
DD650,"Touri~nan, Muxia",,Unknown,178,,21/04/1998,Hake,2,2,349.629,305.554,0.5,267
DD650,"Touri~nan, Muxia",,Unknown,178,,21/04/1998,Hake,2,2,357.606,326.308,0.5,268
DD651,"Mougas, Oia",,Male,193,Bycatch,18/04/1998,Hake,14,11,182.465,45.959,0.6363636364,269
DD651,"Mougas, Oia",,Male,193,Bycatch,18/04/1998,Hake,14,11,182.465,45.959,0.6363636364,270
DD651,"Mougas, Oia",,Male,193,Bycatch,18/04/1998,Hake,14,11,182.465,45.959,0.6363636364,271
DD651,"Mougas, Oia",,Male,193,Bycatch,18/04/1998,Hake,14,11,182.465,45.959,0.6363636364,272
DD651,"Mougas, Oia",,Male,193,Bycatch,18/04/1998,Hake,14,11,214.302,73.424,0.6363636364,273
DD651,"Mougas, Oia",,Male,193,Bycatch,18/04/1998,Hake,14,11,246.139,109.918,0.6363636364,274
DD651,"Mougas, Oia",,Male,193,Bycatch,18/04/1998,Hake,14,11,174.511,40.363,0.6363636364,275
DD651,"Mougas, Oia",,Male,193,Bycatch,18/04/1998,Hake,14,11,238.186,99.889,0.6363636364,276
DD651,"Mougas, Oia",,Male,193,Bycatch,18/04/1998,Hake,14,11,238.186,99.889,0.6363636364,277
DD651,"Mougas, Oia",,Male,193,Bycatch,18/04/1998,Hake,14,11,254.117,120.621,0.6363636364,278
DD651,"Mougas, Oia",,Male,193,Bycatch,18/04/1998,Hake,14,11,262.07,131.95,0.6363636364,279
DD656,"P, Queiruga, Porto do Son",,Male,183,Bycatch,16/06/1998,Hake,2,2,349.629,305.554,0.5,280
DD656,"P, Queiruga, Porto do Son",,Male,183,Bycatch,16/06/1998,Hake,2,2,357.606,326.308,0.5,281
DD671,"Casti~neiras, O Grove",,Female,193,Bycatch,30/05/1999,Hake,9,9,270.023,143.956,0.5,282
DD671,"Casti~neiras, O Grove",,Female,193,Bycatch,30/05/1999,Hake,9,9,285.954,170.118,0.5,283
DD671,"Casti~neiras, O Grove",,Female,193,Bycatch,30/05/1999,Hake,9,9,254.117,120.621,0.5,284
DD671,"Casti~neiras, O Grove",,Female,193,Bycatch,30/05/1999,Hake,9,9,262.07,131.95,0.5,285
DD671,"Casti~neiras, O Grove",,Female,193,Bycatch,30/05/1999,Hake,9,9,254.117,120.621,0.5,286
DD671,"Casti~neiras, O Grove",,Female,193,Bycatch,30/05/1999,Hake,9,9,285.954,170.118,0.5,287
DD671,"Casti~neiras, O Grove",,Female,193,Bycatch,30/05/1999,Hake,9,9,285.954,170.118,0.5,288
DD671,"Casti~neiras, O Grove",,Female,193,Bycatch,30/05/1999,Hake,9,9,285.954,170.118,0.5,289
DD671,"Casti~neiras, O Grove",,Female,193,Bycatch,30/05/1999,Hake,9,9,270.023,143.956,0.5,290
DD677,"P, Concheira, Baiona",,Male,190,Bycatch,07/07/1999,Hake,1,1,333.722,266.796,0.5,291
DD683,"P, Seaia, Malpica",,Female,,Bycatch,22/02/1999,Hake,5,5,205.202,64.706,0.5,292
DD683,"P, Seaia, Malpica",,Female,,Bycatch,22/02/1999,Hake,5,5,201.309,61.195,0.5,293
DD683,"P, Seaia, Malpica",,Female,,Bycatch,22/02/1999,Hake,5,5,216.858,76.004,0.5,294
DD683,"P, Seaia, Malpica",,Female,,Bycatch,22/02/1999,Hake,5,5,216.858,76.004,0.5,295
DD683,"P, Seaia, Malpica",,Female,,Bycatch,22/02/1999,Hake,5,5,205.202,64.706,0.5,296
DD704,"Aguino, Riveira",,Male,214,,13/07/2001,Hake,2,2,303.894,203.109,0.5,297
DD704,"Aguino, Riveira",,Male,214,,13/07/2001,Hake,2,2,303.894,203.109,0.5,298
DD709,Cabo Silleiro - Bayona,,Female,195,,20/02/2001,Hake,2,2,193.547,54.572,0.5,299
DD709,Cabo Silleiro - Bayona,,Female,195,,20/02/2001,Hake,2,2,189.654,51.435,0.5,300
DD715,Cangas,,Female,192,Bycatch,14/02/2002,Hake,61,30,224.62,84.203,1.0166666667,301
DD715,Cangas,,Female,192,Bycatch,14/02/2002,Hake,61,30,185.785,48.438,1.0166666667,302
DD715,Cangas,,Female,192,Bycatch,14/02/2002,Hake,61,30,197.44,57.831,1.0166666667,303
DD715,Cangas,,Female,192,Bycatch,14/02/2002,Hake,61,30,162.474,32.777,1.0166666667,304
DD715,Cangas,,Female,192,Bycatch,14/02/2002,Hake,61,30,158.605,30.555,1.0166666667,305
DD715,Cangas,,Female,192,Bycatch,14/02/2002,Hake,61,30,209.072,68.325,1.0166666667,306
DD715,Cangas,,Female,192,Bycatch,14/02/2002,Hake,61,30,205.202,64.706,1.0166666667,307
DD715,Cangas,,Female,192,Bycatch,14/02/2002,Hake,61,30,143.056,22.623,1.0166666667,308
DD715,Cangas,,Female,192,Bycatch,14/02/2002,Hake,61,30,216.858,76.004,1.0166666667,309
DD715,Cangas,,Female,192,Bycatch,14/02/2002,Hake,61,30,201.309,61.195,1.0166666667,310
DD715,Cangas,,Female,192,Bycatch,14/02/2002,Hake,61,30,197.44,57.831,1.0166666667,311
DD715,Cangas,,Female,192,Bycatch,14/02/2002,Hake,61,30,170.236,37.55,1.0166666667,312
DD715,Cangas,,Female,192,Bycatch,14/02/2002,Hake,61,30,135.294,19.23,1.0166666667,313
DD715,Cangas,,Female,192,Bycatch,14/02/2002,Hake,61,30,115.876,12.245,1.0166666667,314
DD715,Cangas,,Female,192,Bycatch,14/02/2002,Hake,61,30,119.769,13.483,1.0166666667,315
DD715,Cangas,,Female,192,Bycatch,14/02/2002,Hake,61,30,115.876,12.245,1.0166666667,316
DD715,Cangas,,Female,192,Bycatch,14/02/2002,Hake,61,30,88.696,5.621,1.0166666667,317
DD715,Cangas,,Female,192,Bycatch,14/02/2002,Hake,61,30,162.474,32.777,1.0166666667,318
DD715,Cangas,,Female,192,Bycatch,14/02/2002,Hake,61,30,146.949,24.463,1.0166666667,319
DD715,Cangas,,Female,192,Bycatch,14/02/2002,Hake,61,30,170.236,37.55,1.0166666667,320
DD715,Cangas,,Female,192,Bycatch,14/02/2002,Hake,61,30,193.547,54.572,1.0166666667,321
DD715,Cangas,,Female,192,Bycatch,14/02/2002,Hake,61,30,174.129,40.107,1.0166666667,322
DD715,Cangas,,Female,192,Bycatch,14/02/2002,Hake,61,30,150.818,26.387,1.0166666667,323
DD715,Cangas,,Female,192,Bycatch,14/02/2002,Hake,61,30,181.892,45.54,1.0166666667,324
DD715,Cangas,,Female,192,Bycatch,14/02/2002,Hake,61,30,139.187,20.886,1.0166666667,325
DD715,Cangas,,Female,192,Bycatch,14/02/2002,Hake,61,30,158.605,30.555,1.0166666667,326
DD715,Cangas,,Female,192,Bycatch,14/02/2002,Hake,61,30,92.565,6.365,1.0166666667,327
DD715,Cangas,,Female,192,Bycatch,14/02/2002,Hake,61,30,96.458,7.177,1.0166666667,328
DD715,Cangas,,Female,192,Bycatch,14/02/2002,Hake,61,30,154.712,28.421,1.0166666667,329
DD715,Cangas,,Female,192,Bycatch,14/02/2002,Hake,61,30,108.114,10.006,1.0166666667,330
DD720,"P, Fonforron",,Female,219,,30/05/2002,Hake,8,8,278.001,156.699,0.5,331
DD720,"P, Fonforron",,Female,219,,30/05/2002,Hake,8,8,270.023,143.956,0.5,332
DD720,"P, Fonforron",,Female,219,,30/05/2002,Hake,8,8,270.023,143.956,0.5,333
DD720,"P, Fonforron",,Female,219,,30/05/2002,Hake,8,8,270.023,143.956,0.5,334
DD720,"P, Fonforron",,Female,219,,30/05/2002,Hake,8,8,278.001,156.699,0.5,335
DD720,"P, Fonforron",,Female,219,,30/05/2002,Hake,8,8,285.954,170.118,0.5,336
DD720,"P, Fonforron",,Female,219,,30/05/2002,Hake,8,8,262.07,131.95,0.5,337
DD720,"P, Fonforron",,Female,219,,30/05/2002,Hake,8,8,270.023,143.956,0.5,338
DD721,"P, Barrana, Boiro",,Male,195,,19/05/2002,Hake,12,6,238.186,99.889,1,339
DD721,"P, Barrana, Boiro",,Male,195,,19/05/2002,Hake,12,6,238.186,99.889,1,340
DD721,"P, Barrana, Boiro",,Male,195,,19/05/2002,Hake,12,6,254.117,120.621,1,341
DD721,"P, Barrana, Boiro",,Male,195,,19/05/2002,Hake,12,6,270.023,143.956,1,342
DD721,"P, Barrana, Boiro",,Male,195,,19/05/2002,Hake,12,6,254.117,120.621,1,343
DD721,"P, Barrana, Boiro",,Male,195,,19/05/2002,Hake,12,6,278.001,156.699,1,344
DD722,Coroso,,Male,187,,23/05/2002,Hake,12,10,270.023,143.956,0.6,345
DD722,Coroso,,Male,187,,23/05/2002,Hake,12,10,285.954,170.118,0.6,346
DD722,Coroso,,Male,187,,23/05/2002,Hake,12,10,230.233,90.48,0.6,347
DD722,Coroso,,Male,187,,23/05/2002,Hake,12,10,278.001,156.699,0.6,348
DD722,Coroso,,Male,187,,23/05/2002,Hake,12,10,293.907,184.27,0.6,349
DD722,Coroso,,Male,187,,23/05/2002,Hake,12,10,230.233,90.48,0.6,350
DD722,Coroso,,Male,187,,23/05/2002,Hake,12,10,285.954,170.118,0.6,351
DD722,Coroso,,Male,187,,23/05/2002,Hake,12,10,270.023,143.956,0.6,352
DD722,Coroso,,Male,187,,23/05/2002,Hake,12,10,254.117,120.621,0.6,353
DD722,Coroso,,Male,187,,23/05/2002,Hake,12,10,270.023,143.956,0.6,354
DD722,Coroso,,Male,187,,23/05/2002,Hake,1,1,166.534,35.221,0.5,355
DD726,Boiro,,Male,186,Bycatch,25/05/2002,Hake,29,3,262.07,131.95,4.8333333333,356
DD726,Boiro,,Male,186,Bycatch,25/05/2002,Hake,29,3,262.07,131.95,4.8333333333,357
DD726,Boiro,,Male,186,Bycatch,25/05/2002,Hake,29,3,238.186,99.889,4.8333333333,358
DD726,Boiro,,Male,186,Bycatch,25/05/2002,Hake,5,5,119.769,13.483,0.5,359
DD726,Boiro,,Male,186,Bycatch,25/05/2002,Hake,5,5,111.983,11.085,0.5,360
DD726,Boiro,,Male,186,Bycatch,25/05/2002,Hake,5,5,111.983,11.085,0.5,361
DD726,Boiro,,Male,186,Bycatch,25/05/2002,Hake,5,5,115.876,12.245,0.5,362
DD726,Boiro,,Male,186,Bycatch,25/05/2002,Hake,5,5,123.638,14.791,0.5,363
DD727,"P, Bronas (S, de Outos)",,Male,205,,23/05/2002,Hake,8,8,285.954,170.118,0.5,364
DD727,"P, Bronas (S, de Outos)",,Male,205,,23/05/2002,Hake,8,8,293.907,184.27,0.5,365
DD727,"P, Bronas (S, de Outos)",,Male,205,,23/05/2002,Hake,8,8,262.07,131.95,0.5,366
DD727,"P, Bronas (S, de Outos)",,Male,205,,23/05/2002,Hake,8,8,293.907,184.27,0.5,367
DD727,"P, Bronas (S, de Outos)",,Male,205,,23/05/2002,Hake,8,8,293.907,184.27,0.5,368
DD727,"P, Bronas (S, de Outos)",,Male,205,,23/05/2002,Hake,8,8,262.07,131.95,0.5,369
DD727,"P, Bronas (S, de Outos)",,Male,205,,23/05/2002,Hake,8,8,301.861,199.176,0.5,370
DD727,"P, Bronas (S, de Outos)",,Male,205,,23/05/2002,Hake,8,8,285.954,170.118,0.5,371
DD731,Boiro,,Male,172,,18/03/2002,Hake,10,8,154.712,28.421,0.625,372
DD731,Boiro,,Male,172,,18/03/2002,Hake,10,8,154.712,28.421,0.625,373
DD731,Boiro,,Male,172,,18/03/2002,Hake,10,8,154.712,28.421,0.625,374
DD731,Boiro,,Male,172,,18/03/2002,Hake,10,8,166.367,35.118,0.625,375
DD731,Boiro,,Male,172,,18/03/2002,Hake,10,8,158.605,30.555,0.625,376
DD731,Boiro,,Male,172,,18/03/2002,Hake,10,8,158.605,30.555,0.625,377
DD731,Boiro,,Male,172,,18/03/2002,Hake,10,8,158.605,30.555,0.625,378
DD731,Boiro,,Male,172,,18/03/2002,Hake,10,8,178.022,42.775,0.625,379
DD734,"Montalvo, Sanxenxo",,Female,180,,01/03/2003,Hake,24,23,189.654,51.435,0.5217391304,380
DD734,"Montalvo, Sanxenxo",,Female,180,,01/03/2003,Hake,24,23,201.309,61.195,0.5217391304,381
DD734,"Montalvo, Sanxenxo",,Female,180,,01/03/2003,Hake,24,23,131.401,17.662,0.5217391304,382
DD734,"Montalvo, Sanxenxo",,Female,180,,01/03/2003,Hake,24,23,131.401,17.662,0.5217391304,383
DD734,"Montalvo, Sanxenxo",,Female,180,,01/03/2003,Hake,24,23,135.294,19.23,0.5217391304,384
DD734,"Montalvo, Sanxenxo",,Female,180,,01/03/2003,Hake,24,23,131.401,17.662,0.5217391304,385
DD734,"Montalvo, Sanxenxo",,Female,180,,01/03/2003,Hake,24,23,193.547,54.572,0.5217391304,386
DD734,"Montalvo, Sanxenxo",,Female,180,,01/03/2003,Hake,24,23,104.221,8.992,0.5217391304,387
DD734,"Montalvo, Sanxenxo",,Female,180,,01/03/2003,Hake,24,23,146.949,24.463,0.5217391304,388
DD734,"Montalvo, Sanxenxo",,Female,180,,01/03/2003,Hake,24,23,108.114,10.006,0.5217391304,389
DD734,"Montalvo, Sanxenxo",,Female,180,,01/03/2003,Hake,24,23,131.401,17.662,0.5217391304,390
DD734,"Montalvo, Sanxenxo",,Female,180,,01/03/2003,Hake,24,23,92.565,6.365,0.5217391304,391
DD734,"Montalvo, Sanxenxo",,Female,180,,01/03/2003,Hake,24,23,143.056,22.623,0.5217391304,392
DD734,"Montalvo, Sanxenxo",,Female,180,,01/03/2003,Hake,24,23,131.401,17.662,0.5217391304,393
DD734,"Montalvo, Sanxenxo",,Female,180,,01/03/2003,Hake,24,23,143.056,22.623,0.5217391304,394
DD734,"Montalvo, Sanxenxo",,Female,180,,01/03/2003,Hake,24,23,115.876,12.245,0.5217391304,395
DD734,"Montalvo, Sanxenxo",,Female,180,,01/03/2003,Hake,24,23,189.654,51.435,0.5217391304,396
DD734,"Montalvo, Sanxenxo",,Female,180,,01/03/2003,Hake,24,23,100.352,8.054,0.5217391304,397
DD734,"Montalvo, Sanxenxo",,Female,180,,01/03/2003,Hake,24,23,131.401,17.662,0.5217391304,398
DD734,"Montalvo, Sanxenxo",,Female,180,,01/03/2003,Hake,24,23,143.056,22.623,0.5217391304,399
DD734,"Montalvo, Sanxenxo",,Female,180,,01/03/2003,Hake,24,23,135.294,19.23,0.5217391304,400
DD734,"Montalvo, Sanxenxo",,Female,180,,01/03/2003,Hake,24,23,115.876,12.245,0.5217391304,401
DD734,"Montalvo, Sanxenxo",,Female,180,,01/03/2003,Hake,24,23,96.458,7.177,0.5217391304,402
DD738,"P, Castineiras, Ribeira",,Female,,,15/04/2003,Hake,7,7,105.424,9.298,0.5,403
DD738,"P, Castineiras, Ribeira",,Female,,,15/04/2003,Hake,7,7,142.647,22.435,0.5,404
DD738,"P, Castineiras, Ribeira",,Female,,,15/04/2003,Hake,7,7,192.303,53.556,0.5,405
DD738,"P, Castineiras, Ribeira",,Female,,,15/04/2003,Hake,7,7,192.303,53.556,0.5,406
DD738,"P, Castineiras, Ribeira",,Female,,,15/04/2003,Hake,7,7,68.278,2.623,0.5,407
DD738,"P, Castineiras, Ribeira",,Female,,,15/04/2003,Hake,7,7,139.187,20.886,0.5,408
DD738,"P, Castineiras, Ribeira",,Female,,,15/04/2003,Hake,7,7,127.532,16.189,0.5,409
DD743,Vigo,,Male,180,,17/01/2003,Hake,4,4,216.858,76.004,0.5,410
DD743,Vigo,,Male,180,,17/01/2003,Hake,4,4,216.858,76.004,0.5,411
DD743,Vigo,,Male,180,,17/01/2003,Hake,4,4,127.532,16.189,0.5,412
DD743,Vigo,,Male,180,,17/01/2003,Hake,4,4,127.532,16.189,0.5,413
DD749,"Es, Maritima, Vigo (flota",ndo),Female,142,,24/04/2003,Hake,18,12,189.654,51.435,0.75,414
DD749,"Es, Maritima, Vigo (flota",ndo),Female,142,,24/04/2003,Hake,18,12,178.022,42.775,0.75,415
DD749,"Es, Maritima, Vigo (flota",ndo),Female,142,,24/04/2003,Hake,18,12,181.892,45.54,0.75,416
DD749,"Es, Maritima, Vigo (flota",ndo),Female,142,,24/04/2003,Hake,18,12,185.785,48.438,0.75,417
DD749,"Es, Maritima, Vigo (flota",ndo),Female,142,,24/04/2003,Hake,18,12,220.727,80.022,0.75,418
DD749,"Es, Maritima, Vigo (flota",ndo),Female,142,,24/04/2003,Hake,18,12,189.654,51.435,0.75,419
DD749,"Es, Maritima, Vigo (flota",ndo),Female,142,,24/04/2003,Hake,18,12,209.072,68.325,0.75,420
DD749,"Es, Maritima, Vigo (flota",ndo),Female,142,,24/04/2003,Hake,18,12,220.727,80.022,0.75,421
DD749,"Es, Maritima, Vigo (flota",ndo),Female,142,,24/04/2003,Hake,18,12,224.62,84.203,0.75,422
DD749,"Es, Maritima, Vigo (flota",ndo),Female,142,,24/04/2003,Hake,18,12,170.236,37.55,0.75,423
DD749,"Es, Maritima, Vigo (flota",ndo),Female,142,,24/04/2003,Hake,18,12,162.474,32.777,0.75,424
DD749,"Es, Maritima, Vigo (flota",ndo),Female,142,,24/04/2003,Hake,18,12,178.022,42.775,0.75,425
DD756,Ribeira,,Male,211,Unknown,21/04/2000,Hake,2,2,224.62,84.203,0.5,426
DD756,Ribeira,,Male,211,Unknown,21/04/2000,Hake,2,2,181.892,45.54,0.5,427
DD757,"P, Preguntoiro, Porto do",Son,Male,149,Unknown,11/03/2000,Hake,1,1,158.605,30.555,0.5,428
DD760,Major,,Unknown,,Unknown,11/05/2000,Hake,18,18,205.202,64.706,0.5,429
DD760,Major,,Unknown,,Unknown,11/05/2000,Hake,18,18,197.44,57.831,0.5,430
DD760,Major,,Unknown,,Unknown,11/05/2000,Hake,18,18,197.44,57.831,0.5,431
DD760,Major,,Unknown,,Unknown,11/05/2000,Hake,18,18,209.072,68.325,0.5,432
DD760,Major,,Unknown,,Unknown,11/05/2000,Hake,18,18,228.489,88.498,0.5,433
DD760,Major,,Unknown,,Unknown,11/05/2000,Hake,18,18,228.489,88.498,0.5,434
DD760,Major,,Unknown,,Unknown,11/05/2000,Hake,18,18,240.145,102.301,0.5,435
DD760,Major,,Unknown,,Unknown,11/05/2000,Hake,18,18,127.532,16.189,0.5,436
DD760,Major,,Unknown,,Unknown,11/05/2000,Hake,18,18,135.294,19.23,0.5,437
DD760,Major,,Unknown,,Unknown,11/05/2000,Hake,18,18,255.693,122.813,0.5,438
DD760,Major,,Unknown,,Unknown,11/05/2000,Hake,18,18,224.62,84.203,0.5,439
DD760,Major,,Unknown,,Unknown,11/05/2000,Hake,18,18,255.693,122.813,0.5,440
DD760,Major,,Unknown,,Unknown,11/05/2000,Hake,18,18,131.401,17.662,0.5,441
DD760,Major,,Unknown,,Unknown,11/05/2000,Hake,18,18,123.638,14.791,0.5,442
DD760,Major,,Unknown,,Unknown,11/05/2000,Hake,18,18,123.638,14.791,0.5,443
DD760,Major,,Unknown,,Unknown,11/05/2000,Hake,18,18,119.769,13.483,0.5,444
DD760,Major,,Unknown,,Unknown,11/05/2000,Hake,18,18,135.294,19.23,0.5,445
DD760,Major,,Unknown,,Unknown,11/05/2000,Hake,18,18,217.092,76.243,0.5,446
DD766,"Ardeleiros, Carnota",,Female,181,Unknown,22/01/2000,Hake,9,9,142.65,22.436,0.5,447
DD766,"Ardeleiros, Carnota",,Female,181,Unknown,22/01/2000,Hake,9,9,134.697,18.984,0.5,448
DD766,"Ardeleiros, Carnota",,Female,181,Unknown,22/01/2000,Hake,9,9,118.79,13.164,0.5,449
DD766,"Ardeleiros, Carnota",,Female,181,Unknown,22/01/2000,Hake,9,9,134.697,18.984,0.5,450
DD766,"Ardeleiros, Carnota",,Female,181,Unknown,22/01/2000,Hake,9,9,262.07,131.95,0.5,451
DD766,"Ardeleiros, Carnota",,Female,181,Unknown,22/01/2000,Hake,9,9,270.023,143.956,0.5,452
DD766,"Ardeleiros, Carnota",,Female,181,Unknown,22/01/2000,Hake,9,9,118.79,13.164,0.5,453
DD766,"Ardeleiros, Carnota",,Female,181,Unknown,22/01/2000,Hake,9,9,142.65,22.436,0.5,454
DD766,"Ardeleiros, Carnota",,Female,181,Unknown,22/01/2000,Hake,9,9,134.697,18.984,0.5,455
DD769,Vilar,,Female,185,Unknown,14/02/2000,Hake,1,1,115.876,12.245,0.5,456
DD779,Sanxenxo,,Unknown,,Unknown,18/02/2000,Hake,1,1,158.605,30.555,0.5,457
DD782,"Portonovo, Carnota",,Male,,Unknown,06/11/2000,Hake,2,2,117.857,12.865,0.5,458
DD782,"Portonovo, Carnota",,Male,,Unknown,06/11/2000,Hake,2,2,130.29,17.23,0.5,459
DD787,Barra,,Male,194,Unknown,28/04/2000,Hake,11,11,254.117,120.621,0.5,460
DD787,Barra,,Male,194,Unknown,28/04/2000,Hake,11,11,206.349,65.765,0.5,461
DD787,Barra,,Male,194,Unknown,28/04/2000,Hake,11,11,206.349,65.765,0.5,462
DD787,Barra,,Male,194,Unknown,28/04/2000,Hake,11,11,214.302,73.424,0.5,463
DD787,Barra,,Male,194,Unknown,28/04/2000,Hake,11,11,198.395,58.65,0.5,464
DD787,Barra,,Male,194,Unknown,28/04/2000,Hake,11,11,102.859,8.654,0.5,465
DD787,Barra,,Male,194,Unknown,28/04/2000,Hake,11,11,86.929,5.301,0.5,466
DD787,Barra,,Male,194,Unknown,28/04/2000,Hake,11,11,86.929,5.301,0.5,467
DD787,Barra,,Male,194,Unknown,28/04/2000,Hake,11,11,236.924,98.355,0.5,468
DD787,Barra,,Male,194,Unknown,28/04/2000,Hake,11,11,211.448,70.612,0.5,469
DD787,Barra,,Male,194,Unknown,28/04/2000,Hake,11,11,57.623,1.6,0.5,470
DD791,Mougas,,Male,,Unknown,17/03/2000,Hake,5,5,185.785,48.438,0.5,471
DD791,Mougas,,Male,,Unknown,17/03/2000,Hake,5,5,205.202,64.706,0.5,472
DD791,Mougas,,Male,,Unknown,17/03/2000,Hake,5,5,205.202,64.706,0.5,473
DD791,Mougas,,Male,,Unknown,17/03/2000,Hake,5,5,117.857,12.865,0.5,474
DD791,Mougas,,Male,,Unknown,17/03/2000,Hake,5,5,142.647,22.435,0.5,475
DD792,Aguino,,Male,180,Unknown,14/02/2000,Hake,4,4,201.309,61.195,0.5,476
DD792,Aguino,,Male,180,Unknown,14/02/2000,Hake,4,4,189.654,51.435,0.5,477
DD792,Aguino,,Male,180,Unknown,14/02/2000,Hake,4,4,174.129,40.107,0.5,478
DD792,Aguino,,Male,180,Unknown,14/02/2000,Hake,4,4,170.236,37.55,0.5,479
DD793,Poio,,Male,182,Unknown,20/01/2000,Hake,1,1,117.857,12.865,0.5,480
DD798,"A Bouga, Muros",,Female,192,Unknown,03/03/2003,Hake,15,15,212.965,72.098,0.5,481
DD798,"A Bouga, Muros",,Female,192,Unknown,03/03/2003,Hake,15,15,174.129,40.107,0.5,482
DD798,"A Bouga, Muros",,Female,192,Unknown,03/03/2003,Hake,15,15,216.858,76.004,0.5,483
DD798,"A Bouga, Muros",,Female,192,Unknown,03/03/2003,Hake,15,15,212.965,72.098,0.5,484
DD798,"A Bouga, Muros",,Female,192,Unknown,03/03/2003,Hake,15,15,162.474,32.777,0.5,485
DD798,"A Bouga, Muros",,Female,192,Unknown,03/03/2003,Hake,15,15,143.056,22.623,0.5,486
DD798,"A Bouga, Muros",,Female,192,Unknown,03/03/2003,Hake,15,15,131.401,17.662,0.5,487
DD798,"A Bouga, Muros",,Female,192,Unknown,03/03/2003,Hake,15,15,123.638,14.791,0.5,488
DD798,"A Bouga, Muros",,Female,192,Unknown,03/03/2003,Hake,15,15,108.114,10.006,0.5,489
DD798,"A Bouga, Muros",,Female,192,Unknown,03/03/2003,Hake,15,15,170.236,37.55,0.5,490
DD798,"A Bouga, Muros",,Female,192,Unknown,03/03/2003,Hake,15,15,174.129,40.107,0.5,491
DD798,"A Bouga, Muros",,Female,192,Unknown,03/03/2003,Hake,15,15,224.62,84.203,0.5,492
DD798,"A Bouga, Muros",,Female,192,Unknown,03/03/2003,Hake,15,15,93.067,6.466,0.5,493
DD798,"A Bouga, Muros",,Female,192,Unknown,03/03/2003,Hake,15,15,117.857,12.865,0.5,494
DD798,"A Bouga, Muros",,Female,192,Unknown,03/03/2003,Hake,15,15,155.08,28.619,0.5,495
DD800,Ribeira,,Female,190,Bycatch,10/05/2003,Hake,4,4,302.291,200.004,0.5,496
DD800,Ribeira,,Female,190,Bycatch,10/05/2003,Hake,4,4,228.489,88.498,0.5,497
DD800,Ribeira,,Female,190,Bycatch,10/05/2003,Hake,4,4,174.129,40.107,0.5,498
DD800,Ribeira,,Female,190,Bycatch,10/05/2003,Hake,4,4,174.129,40.107,0.5,499
DD815,"P, Illas, Foz",,Female,145,Bycatch,14/06/2003,Hake,3,3,201.309,61.195,0.5,500
DD815,"P, Illas, Foz",,Female,145,Bycatch,14/06/2003,Hake,3,3,216.858,76.004,0.5,501
DD815,"P, Illas, Foz",,Female,145,Bycatch,14/06/2003,Hake,3,3,181.892,45.54,0.5,502
DD817,"P, Anguieiras, Aguino",,Female,198,Unknown,24/05/2003,Hake,1,1,108.114,10.006,0.5,503
DD818,"Pescanova, Oia",,Female,159,Unknown,14/04/2002,Hake,6,6,325.745,248.64,0.5,504
DD818,"Pescanova, Oia",,Female,159,Unknown,14/04/2002,Hake,6,6,262.07,131.95,0.5,505
DD818,"Pescanova, Oia",,Female,159,Unknown,14/04/2002,Hake,6,6,397.397,443.711,0.5,506
DD818,"Pescanova, Oia",,Female,159,Unknown,14/04/2002,Hake,6,6,405.35,470.076,0.5,507
DD818,"Pescanova, Oia",,Female,159,Unknown,14/04/2002,Hake,6,6,262.07,131.95,0.5,508
DD818,"Pescanova, Oia",,Female,159,Unknown,14/04/2002,Hake,6,6,338.6,278.315,0.5,509
DD823,O Grobe,,Female,194,Unknown,03/08/2002,Hake,3,1,123.638,14.791,1.5,510
DD825,"Samil, Vigo",,Male,195,Unknown,05/07/2002,Hake,29,29,238.186,99.889,0.5,511
DD825,"Samil, Vigo",,Male,195,Unknown,05/07/2002,Hake,29,29,198.395,58.65,0.5,512
DD825,"Samil, Vigo",,Male,195,Unknown,05/07/2002,Hake,29,29,182.465,45.959,0.5,513
DD825,"Samil, Vigo",,Male,195,Unknown,05/07/2002,Hake,29,29,142.65,22.436,0.5,514
DD825,"Samil, Vigo",,Male,195,Unknown,05/07/2002,Hake,29,29,78.975,4.008,0.5,515
DD825,"Samil, Vigo",,Male,195,Unknown,05/07/2002,Hake,29,29,158.581,30.542,0.5,516
DD825,"Samil, Vigo",,Male,195,Unknown,05/07/2002,Hake,29,29,86.929,5.301,0.5,517
DD825,"Samil, Vigo",,Male,195,Unknown,05/07/2002,Hake,29,29,86.929,5.301,0.5,518
DD825,"Samil, Vigo",,Male,195,Unknown,05/07/2002,Hake,29,29,86.929,5.301,0.5,519
DD825,"Samil, Vigo",,Male,195,Unknown,05/07/2002,Hake,29,29,94.906,6.846,0.5,520
DD825,"Samil, Vigo",,Male,195,Unknown,05/07/2002,Hake,29,29,94.906,6.846,0.5,521
DD825,"Samil, Vigo",,Male,195,Unknown,05/07/2002,Hake,29,29,86.929,5.301,0.5,522
DD825,"Samil, Vigo",,Male,195,Unknown,05/07/2002,Hake,29,29,86.929,5.301,0.5,523
DD825,"Samil, Vigo",,Male,195,Unknown,05/07/2002,Hake,29,29,78.975,4.008,0.5,524
DD825,"Samil, Vigo",,Male,195,Unknown,05/07/2002,Hake,29,29,102.859,8.654,0.5,525
DD825,"Samil, Vigo",,Male,195,Unknown,05/07/2002,Hake,29,29,86.929,5.301,0.5,526
DD825,"Samil, Vigo",,Male,195,Unknown,05/07/2002,Hake,29,29,86.929,5.301,0.5,527
DD825,"Samil, Vigo",,Male,195,Unknown,05/07/2002,Hake,29,29,86.929,5.301,0.5,528
DD825,"Samil, Vigo",,Male,195,Unknown,05/07/2002,Hake,29,29,71.022,2.942,0.5,529
DD825,"Samil, Vigo",,Male,195,Unknown,05/07/2002,Hake,29,29,71.022,2.942,0.5,530
DD825,"Samil, Vigo",,Male,195,Unknown,05/07/2002,Hake,29,29,262.324,132.323,0.5,531
DD825,"Samil, Vigo",,Male,195,Unknown,05/07/2002,Hake,29,29,186.048,48.638,0.5,532
DD825,"Samil, Vigo",,Male,195,Unknown,05/07/2002,Hake,29,29,186.048,48.638,0.5,533
DD825,"Samil, Vigo",,Male,195,Unknown,05/07/2002,Hake,29,29,211.448,70.612,0.5,534
DD825,"Samil, Vigo",,Male,195,Unknown,05/07/2002,Hake,29,29,236.924,98.355,0.5,535
DD825,"Samil, Vigo",,Male,195,Unknown,05/07/2002,Hake,29,29,160.648,31.716,0.5,536
DD825,"Samil, Vigo",,Male,195,Unknown,05/07/2002,Hake,29,29,33.496,0.33,0.5,537
DD825,"Samil, Vigo",,Male,195,Unknown,05/07/2002,Hake,29,29,84.372,4.859,0.5,538
DD825,"Samil, Vigo",,Male,195,Unknown,05/07/2002,Hake,29,29,33.496,0.33,0.5,539
DD839,"Mar de Fora, Fisterra",,Female,157,Unknown,13/04/2001,Hake,3,1,143.056,22.623,1.5,540
DDE906,"P, Rias, Malpica",,Female,142,Unknown,06/07/2003,Hake,17,15,183.348,46.61,0.5666666667,541
DDE906,"P, Rias, Malpica",,Female,142,Unknown,06/07/2003,Hake,17,15,183.348,46.61,0.5666666667,542
DDE906,"P, Rias, Malpica",,Female,142,Unknown,06/07/2003,Hake,17,15,97.247,7.349,0.5666666667,543
DDE906,"P, Rias, Malpica",,Female,142,Unknown,06/07/2003,Hake,17,15,105.057,9.204,0.5666666667,544
DDE906,"P, Rias, Malpica",,Female,142,Unknown,06/07/2003,Hake,17,15,112.891,11.349,0.5666666667,545
DDE906,"P, Rias, Malpica",,Female,142,Unknown,06/07/2003,Hake,17,15,105.057,9.204,0.5666666667,546
DDE906,"P, Rias, Malpica",,Female,142,Unknown,06/07/2003,Hake,17,15,101.14,8.239,0.5666666667,547
DDE906,"P, Rias, Malpica",,Female,142,Unknown,06/07/2003,Hake,17,15,97.247,7.349,0.5666666667,548
DDE906,"P, Rias, Malpica",,Female,142,Unknown,06/07/2003,Hake,17,15,108.974,10.24,0.5666666667,549
DDE906,"P, Rias, Malpica",,Female,142,Unknown,06/07/2003,Hake,17,15,89.413,5.754,0.5666666667,550
DDE906,"P, Rias, Malpica",,Female,142,Unknown,06/07/2003,Hake,17,15,108.974,10.24,0.5666666667,551
DDE906,"P, Rias, Malpica",,Female,142,Unknown,06/07/2003,Hake,17,15,85.496,5.05,0.5666666667,552
DDE906,"P, Rias, Malpica",,Female,142,Unknown,06/07/2003,Hake,17,15,85.496,5.05,0.5666666667,553
DDE906,"P, Rias, Malpica",,Female,142,Unknown,06/07/2003,Hake,17,15,89.413,5.754,0.5666666667,554
DDE906,"P, Rias, Malpica",,Female,142,Unknown,06/07/2003,Hake,17,15,144.203,23.155,0.5666666667,555
DDE908,"P, Saians, Vigo",,Male,171,Bycatch,03/10/2003,Hake,2,2,179.431,43.769,0.5,556
DDE908,"P, Saians, Vigo",,Male,171,Bycatch,03/10/2003,Hake,2,2,179.431,43.769,0.5,557
